{"cameraMode":{"drawMode":0,"name":"Shaded","section":"Shading Mode"},"sceneLighting":true,"audioPlay":false,"sceneViewState":{"m_AlwaysRefresh":false,"showFog":true,"showSkybox":true,"showFlares":true,"showImageEffects":true,"showParticleSystems":true,"showVisualEffectGraphs":true,"m_FxEnabled":true},"in2DMode":false,"pivot":{"x":0.8381414413452148,"y":-0.05900133401155472,"z":-5.69573974609375},"rotation":{"x":0.018616994842886926,"y":0.9801244139671326,"z":-0.11222082376480103,"w":0.16259972751140595},"size":7.601440906524658,"orthographic":false}